[
  {
    "line": 3,
    "elements": [
      {
        "line": 7,
        "name": "Login to Icompass with valid credentials",
        "description": "",
        "id": "multiple-scenario-testing;login-to-icompass-with-valid-credentials",
        "type": "scenario",
        "keyword": "Scenario",
        "steps": [
          {
            "result": {
              "duration": 14653822200,
              "status": "passed"
            },
            "line": 8,
            "name": "navigate to ICompass URL",
            "match": {
              "location": "StepsDefinition.navigate_to_ICompass_URL()"
            },
            "keyword": "Given "
          },
          {
            "result": {
              "duration": 187264400,
              "status": "passed"
            },
            "line": 9,
            "name": "user enters the valid username \"190065\" and valid password \"Love*Care\"",
            "match": {
              "arguments": [
                {
                  "val": "190065",
                  "offset": 32
                },
                {
                  "val": "Love*Care",
                  "offset": 60
                }
              ],
              "location": "StepsDefinition.user_enters_the_valid_username_and_valid_password(String,String)"
            },
            "keyword": "When "
          },
          {
            "result": {
              "duration": 276894500,
              "status": "passed"
            },
            "line": 10,
            "name": "login Successful",
            "match": {
              "location": "StepsDefinition.login_Successful()"
            },
            "keyword": "Then "
          }
        ]
      },
      {
        "line": 13,
        "name": "Display the climate details",
        "description": "",
        "id": "multiple-scenario-testing;display-the-climate-details",
        "type": "scenario",
        "keyword": "Scenario",
        "steps": [
          {
            "result": {
              "duration": 9575319700,
              "status": "passed"
            },
            "line": 15,
            "name": "navigate to Google URL",
            "match": {
              "location": "StepsDefinition.navigate_to_Google_URL()"
            },
            "keyword": "Given "
          },
          {
            "result": {
              "duration": 3531721400,
              "status": "passed"
            },
            "line": 16,
            "name": "user enters the input \"Chennai Climate\"",
            "match": {
              "arguments": [
                {
                  "val": "Chennai Climate",
                  "offset": 23
                }
              ],
              "location": "StepsDefinition.user_enters_the_input(String)"
            },
            "keyword": "When "
          },
          {
            "result": {
              "duration": 102500,
              "status": "passed"
            },
            "line": 17,
            "name": "climate details display",
            "match": {
              "location": "StepsDefinition.climate_details_display()"
            },
            "keyword": "Then "
          }
        ]
      },
      {
        "line": 20,
        "name": "Display the google images",
        "description": "",
        "id": "multiple-scenario-testing;display-the-google-images",
        "type": "scenario",
        "keyword": "Scenario",
        "steps": [
          {
            "result": {
              "duration": 6111905600,
              "status": "passed"
            },
            "line": 22,
            "name": "navigate to Google URL",
            "match": {
              "location": "StepsDefinition.navigate_to_Google_URL()"
            },
            "keyword": "Given "
          },
          {
            "result": {
              "duration": 1409982600,
              "status": "passed"
            },
            "line": 23,
            "name": "user clicks on image link",
            "match": {
              "location": "StepsDefinition.user_clicks_on_image_link()"
            },
            "keyword": "When "
          },
          {
            "result": {
              "duration": 221728500,
              "status": "passed"
            },
            "line": 24,
            "name": "display the image page",
            "match": {
              "location": "StepsDefinition.display_the_image_page()"
            },
            "keyword": "Then "
          }
        ]
      }
    ],
    "name": "Multiple scenario testing",
    "description": "",
    "id": "multiple-scenario-testing",
    "keyword": "Feature",
    "uri": "src/login.feature",
    "tags": [
      {
        "line": 2,
        "name": "@Test"
      }
    ]
  }
]